price,id_web,post_title,product_id,total_sales,product_revenue,z_score
24.2,15298,Pierre Jean Villa Saint-Joseph Préface 2018,3847,6.0,145.2,-0.2982013923888578
34.3,15296,Pierre Jean Villa Saint-Joseph Rouge Tildé 2017,3849,0.0,0.0,0.06497046532363923
20.8,15300,Pierre Jean Villa Crozes-Hermitage Accroche Coeur 2018,3850,0.0,0.0,-0.4204572652821736
14.1,19814,Pierre Jean Villa IGP Collines Rhodaniennes Gamine 2018,4032,3.0,42.3,-0.6613732501013548
46.0,19815,Pierre Jean Villa Côte Rôtie Carmina 2017,4039,0.0,0.0,0.4856744985153439
34.3,15303,Pierre Jean Villa Saint-Joseph Saut De l'Ange 2018,4040,0.0,0.0,0.06497046532363923
32.7,14975,Pierre Gaillard Condrieu 2018,4041,0.0,0.0,0.00743828984443198
31.2,16042,Pierre Gaillard Cornas 2017,4042,7.0,218.4,-0.04649812466732514
60.0,14980,Pierre Gaillard Côte Rôtie Esprit de Blonde 2017,4043,3.0,180.0,0.9890810339584092
42.6,16041,Pierre Gaillard Côte Rôtie 2018,4045,14.0,596.4,0.3634186256220281
80.0,15269,Pierre Gaillard Côte Rôtie Rose Pourpre 2017,4046,6.0,480.0,1.7082332274485024
18.3,14977,Pierre Gaillard Côtes-du-Rhône Blanc Les Gendrines 2018,4047,0.0,0.0,-0.5103512894684352
22.8,16044,Pierre Gaillard Saint-Joseph Rouge Clos de Cuminaille 2018,4048,7.0,159.6,-0.34854204593316424
19.3,16043,Pierre Gaillard Saint-Joseph Rouge 2018,4049,1.0,19.3,-0.4743936797939306
21.8,16449,Pierre Gaillard Saint-Joseph Blanc 2019,4050,6.0,130.8,-0.3844996556076689
7.7,16045,Jeanne Gaillard IGP Collines Rhodaniennes Syrah Terre de Mandrin 2018,4051,6.0,46.2,-0.8915019520181847
33.7,16030,Clos du Mont-Olivet Châteauneuf-du-Pape Blanc 2019,4052,6.0,202.20000000000002,0.043395899518936645
44.3,13127,Clos du Mont-Olivet Châteauneuf-du-Pape 2012,4053,23.0,1018.9,0.42454656206868585
71.6,19816,Clos du Mont-Olivet Châteauneuf-du-Pape Cuvée du Papet 2018,4054,10.0,716.0,1.4061893061826631
12.7,16029,Clos du Mont-Olivet Côtes-du-Rhône Vieilles Vignes 2018,4056,10.0,127.0,-0.7117139036456614
8.7,16039,Mourgues du Grès Costières de Nîmes Galets Dorés 2019,4057,18.0,156.6,-0.85554434234368
8.7,16318,Mourgues du Grès Costières de Nîmes Galets Rouges 2019,4058,11.0,95.69999999999999,-0.85554434234368
8.7,16275,Mourgues du Grès Costières de Nîmes Galets Rosés 2019,4059,7.0,60.89999999999999,-0.85554434234368
11.9,16498,Mourgues du Grès Costières de Nîmes Terre d'Argence 2017,4060,9.0,107.10000000000001,-0.7404799913852652
11.9,16320,Mourgues du Grès IGP Pont du Gard Terre d'Argence 2018,4062,3.0,35.7,-0.7404799913852652
14.5,16319,Mourgues du Grès Costières de Nîmes Terre de Feu 2017,4063,3.0,43.5,-0.646990206231553
14.4,15966,Oratoire Saint Martin Cairanne Rouge Réserve des Seigneurs 2017,4064,3.0,43.2,-0.6505859671990035
19.5,15022,Oratoire Saint Martin Cairanne Rouge Les Douyes 2016,4065,0.0,0.0,-0.4672021578590297
20.8,15967,Oratoire Saint Martin Cairanne Rouge Haut Coustias 2016,4066,20.0,416.0,-0.4204572652821736
22.0,15490,Gilles Robin Crozes-Hermitage Rouge Albéric 2017,4067,19.0,418.0,-0.377308133672768
16.6,16416,Gilles Robin Crozes-Hermitage Rouge Papillon 2019,4068,62.0,1029.2,-0.5714792259150931
60.0,11862,Gilles Robin Hermitage Rouge 2012,4069,0.0,0.0,0.9890810339584092
23.4,15444,Gilles Robin Crozes-Hermitage Blanc Les Marelles 2018,4070,7.0,163.79999999999998,-0.32696748012846155
33.2,15953,Château de Vaudieu Châteauneuf-du-Pape Rouge 2015,4071,19.0,630.8000000000001,0.02541709468168431
32.0,12045,Château de Vaudieu Châteauneuf-du-Pape Blanc 2015,4072,1.0,32.0,-0.017732036927721385
77.8,13074,Château de Vaudieu Châteauneuf-du-Pape L'Avenue 2015,4073,0.0,0.0,1.629126486164592
12.7,15941,Domaine de la Jérôme Côtes du Rhône Village 201,4074,4.0,50.8,-0.7117139036456614
14.7,16069,Plateau des Chênes Lirac 2015,4075,0.0,0.0,-0.6397986842966521
14.05,13072,Plateau des Chênes Lirac 2016,4076,4.0,56.2,-0.66317113058508
22.9,15440,Domaine des Bosquets Gigondas 2016,4077,0.0,0.0,-0.3449462849657139
44.0,13435,Domaine des Bosquets Gigondas La Colline 2015,4078,10.0,440.0,0.4137592791663346
37.0,13078,Le Vieux Donjon Châteauneuf-du-Pape 2013,4079,0.0,0.0,0.16205601144480192
39.0,13117,Le Vieux Donjon Châteauneuf-du-Pape 2016,4081,4.0,156.0,0.23397123079381124
17.0,16296,"Rimauresq Côtes de Provence Blanc Cru Classé ""R"" 2019",4083,0.0,0.0,-0.5570961820452913
23.2,16014,"Rimauresq Côtes de Provence Rouge Cru Classé ""R"" 2017",4084,0.0,0.0,-0.33415900206336246
19.0,16462,Rimauresq Côtes de Provence Rouge Cru Classé 2017,4085,7.0,133.0,-0.485180962696282
16.4,16013,Rimauresq Côtes de Provence Blanc Cru Classé 2019,4086,4.0,65.6,-0.5786707478499942
14.4,16180,Rimauresq Côtes de Provence Cru Classé Rosé 2019,4087,18.0,259.2,-0.6505859671990035
13.7,15676,Paul Ginglinger Gewurztraminer Wahlenbourg 2017,4094,0.0,0.0,-0.6757562939711568
12.6,16120,Paul Ginglinger Muscat Caroline 2018,4095,4.0,50.4,-0.7153096646131117
22.8,15564,Paul Ginglinger Pinot Gris Grand Cru Eichberg 2015,4096,0.0,0.0,-0.34854204593316424
12.8,15675,Paul Ginglinger Pinot Gris Les Prelats 2018,4097,1.0,12.8,-0.7081181426782109
22.1,15378,Paul Ginglinger Pinot Noir Les Rocailles 2016,4098,1.0,22.1,-0.3737123727053175
12.8,15813,Paul Ginglinger Riesling Drei Exa 2018,4099,0.0,0.0,-0.7081181426782109
15.8,13416,Emile Boeckel Gewurztraminer Grand Cru Zotzenberg 2016,4100,0.0,0.0,-0.6002453136546969
15.8,14905,Emile Boeckel Pinot Gris Grand Cru Zotzenberg 2016,4101,0.0,0.0,-0.6002453136546969
16.3,15767,Emile Boeckel Sylvaner Grand Cru Zotzenberg 2017,4102,1.0,16.3,-0.5822665088174446
16.3,16505,Emile Boeckel Riesling Grand Cru Wiebelsberg 2016,4103,12.0,195.60000000000002,-0.5822665088174446
9.7,15683,Emile Boeckel Riesling Brandluft 2018,4104,12.0,116.39999999999999,-0.8195867326691754
6.8,16504,Emile Boeckel Sylvaner Vieilles Vignes 2019,4105,5.0,34.0,-0.9238638007252389
12.6,15787,Emile Boeckel Pinot Noir Barriques Oberpfoeller 2018,4106,6.0,75.6,-0.7153096646131117
35.0,14800,Emile Boeckel Pinot Noir Terres Rouges 2016,4107,0.0,0.0,0.09014079209579261
31.7,15353,Zind-Humbrecht Riesling Herrenweg de Turckheim 2017,4108,2.0,63.4,-0.02851931983007281
23.0,15339,Zind-Humbrecht Pinot Gris Roche Calcaire 2017,4130,0.0,0.0,-0.3413505239982634
29.8,13209,Zind-Humbrecht Muscat Grand Cru Goldert 2015,4137,0.0,0.0,-0.09683877821163162
25.7,15341,Zind-Humbrecht Zind 2017,4138,6.0,154.2,-0.24426497787710078
77.4,13217,Zind-Humbrecht Gewurztraminer Grand Cru Rangen De Thann Clos Saint-Urbain 2013,4139,0.0,0.0,1.6147434422947906
39.0,304,Champagne Gosset Grande Réserve,4141,40.0,1560.0,0.23397123079381124
53.0,11641,Champagne Gosset Grand Millésime 2006,4142,30.0,1590.0,0.7373777662368766
49.0,1662,Champagne Gosset Grand Rosé,4144,87.0,4263.0,0.5935473275388579
29.5,1360,Champagne Mailly Grand Cru Brut Réserve,4146,0.0,0.0,-0.10762606111398304
33.0,15648,Champagne Mailly Grand Cru Extra Brut Millésimé 2012,4147,3.0,99.0,0.018225572746783276
37.5,1364,Champagne Mailly Grand Cru Brut Rosé,4148,0.0,0.0,0.18003481628205426
69.0,7086,Champagne Mailly Grand Cru Intemporelle Rosé 2009,4149,0.0,0.0,1.3126995210289512
59.0,1366,Champagne Mailly Grand Cru Intemporelle 2010,4150,1.0,59.0,0.9531234242839045
13.7,15140,Elian Daros Côtes du Marmandais Abouriou 2016,4151,12.0,164.39999999999998,-0.6757562939711568
19.2,16238,Elian Daros Côtes du Marmandais Chante Coucou 2016,4152,7.0,134.4,-0.4779894407613811
29.0,16237,Elian Daros Côtes du Marmandais Clos Baquey 2015,4153,36.0,1044.0,-0.12560486595123538
9.8,15141,Elian Daros Côtes du Marmandais Le Vin Est Une Fête 2017,4154,18.0,176.4,-0.8159909717017249
14.5,14944,Elian Daros Côtes du Marmandais Le Vignoble d'Elian 2016,4155,3.0,43.5,-0.646990206231553
20.35,14941,Elian Daros Côtes du Marmandais Coucou Blanc 2016,4156,6.0,122.10000000000001,-0.43663818963570067
12.0,14751,Planeta Sicilia Alastro 2017,4157,0.0,0.0,-0.7368842304178146
18.5,16093,Planeta Sicilia Etna Rosso 2018,4158,0.0,0.0,-0.5031597675335343
9.3,15668,Planeta Sicilia La Segreta Bianco 2017,4159,3.0,27.900000000000002,-0.8339697765389772
9.3,15373,Planeta Sicilia La Segreta Rosso 2017,4160,7.0,65.10000000000001,-0.8339697765389772
11.6,15375,Planeta Sicilia Plumbago 2017,4161,0.0,0.0,-0.7512672742876164
14.3,14474,Domino Romano Ribera Del Duero Camino Romano 2016,4162,1.0,14.3,-0.6541817281664539
10.8,15482,Parés Baltà Penedès Calcari 2018,4163,3.0,32.400000000000006,-0.7800333620272202
7.6,13453,Parés Baltà Penedès Mas Petit 2015,4164,20.0,152.0,-0.8950977129856351
12.0,15075,Parés Baltà Penedès Indigena 2017,4165,3.0,36.0,-0.7368842304178146
20.5,16124,Ollieux Romanis Corbières Boutenac Atal Sia 2017,4166,6.0,123.0,-0.431244548184525
14.3,15785,Ollieux Romanis Corbières Rouge Cuvée Prestige 2017,4167,3.0,42.900000000000006,-0.6541817281664539
18.2,15784,Ollieux Romanis Corbières Blanc Cuvée Prestige 2018,4168,12.0,218.39999999999998,-0.5139470504358857
9.0,15786,Ollieux Romanis Corbières Classique 2018,4170,4.0,36.0,-0.8447570594413286
7.8,14332,Le Hameau Des Ollieux Monsieur Pinot 2017,4171,1.0,7.8,-0.8879061910507342
5.7,16210,Maurel Pays d'Oc Chardonnay 2019,4172,43.0,245.1,-0.9634171713671941
5.7,16211,Maurel Pays d'Oc Chenin-Colombard 2019,4173,13.0,74.10000000000001,-0.9634171713671941
5.7,16209,Maurel Cabardès Tradition 2017,4174,6.0,34.2,-0.9634171713671941
13.5,15629,Domaine de l'Hortus Pic Saint-Loup La Bergerie Rouge 2018,4176,9.0,121.5,-0.6829478159060577
13.5,15583,Domaine de l'Hortus Val de Montferrand La Bergerie Blanc 2018,4177,0.0,0.0,-0.6829478159060577
11.5,16160,Domaine de l'Hortus Pic Saint-Loup La Bergerie Rosé 2019,4178,17.0,195.5,-0.7548630352550669
24.0,16166,Domaine de l'Hortus Pic Saint-Loup La Grande Cuvée 2018,4179,7.0,168.0,-0.3053929143237587
24.0,15783,Domaine de l'Hortus Val de Montferrand La Grande Cuvée Blanc 2018,4180,0.0,0.0,-0.3053929143237587
11.9,16560,Borie La Vitarèle Saint-Chinian Les Terres Blanches 2019,4181,9.0,107.10000000000001,-0.7404799913852652
16.7,15747,Borie La Vitarèle Saint-Chinian Les Schistes 2017,4182,3.0,50.099999999999994,-0.5678834649476427
21.4,15746,Borie La Vitarèle Saint-Chinian Les Crès 2016,4183,0.0,0.0,-0.39888269947747085
16.6,16190,Le Pas de l'Escalette Terrasses du Larzac Les Clapas Rouge 2018,4186,1.0,16.6,-0.5714792259150931
13.3,16189,Le Pas de l'Escalette Languedoc Les Petits Pas 2019,4187,42.0,558.6,-0.6901393378409586
9.5,16265,Château de La Liquière Languedoc Blanc Les Amandiers 2019,4188,8.0,76.0,-0.8267782546040763
12.1,16191,Le Pas de l'Escalette Coteaux du Languedoc Ze Rozé 2019,4190,5.0,60.5,-0.7332884694503641
9.3,16263,Château de La Liquière Faugères Les Amandiers Rouge 2019,4191,12.0,111.60000000000001,-0.8339697765389772
17.8,15605,Château de La Liquière Faugères Cistus Rouge 2017,4192,5.0,89.0,-0.5283300943056876
13.5,16529,Château de La Liquière Faugères Cistus Blanc 2019,4193,8.0,108.0,-0.6829478159060577
10.8,15441,Château de La Liquière Faugères 2017,4194,9.0,97.2,-0.7800333620272202
27.2,13032,Château de La Liquière Faugères Tucade 2015,4196,2.0,54.4,-0.1903285633653438
9.4,16256,Château de La Liquière Faugères Les Amandiers Rosé 2019,4197,8.0,75.2,-0.8303740155715268
5.8,16322,Moulin de Gassac IGP Pays d'Hérault Guilhem Rouge 2019,4198,0.0,0.0,-0.9598214103997436
5.8,16295,Moulin de Gassac IGP Pays d'Hérault Guilhem Rosé 2019,4200,46.0,266.8,-0.9598214103997436
38.0,15656,Mas de Daumas Gassac IGP Saint-Guilhem-le-Désert 2018,4201,0.0,0.0,0.1980136211193066
38.0,15655,Mas de Daumas Gassac IGP Saint-Guilhem-le-Désert Blanc 2019,4202,0.0,0.0,0.1980136211193066
9.9,15415,Mas Laval IGP Pays d'Hérault Les Pampres Blancs 2018,4203,6.0,59.400000000000006,-0.8123952107342745
11.3,15414,Mas Laval IGP Pays d'Hérault Les Pampres Rouges 2017,4204,3.0,33.900000000000006,-0.7620545571899678
23.0,15413,Mas Laval Terrasses du Larzac La Grande Cuvée 2016,4205,12.0,276.0,-0.3413505239982634
6.7,16023,Domaine Montrose Côtes de Thongue Rouge 2018,4207,5.0,33.5,-0.9274595616926894
7.6,16024,Domaine Montrose Côtes de Thongue Rosé 2019,4208,16.0,121.6,-0.8950977129856351
79.8,15720,Lucien Boillot Nuits-Saint-Georges 1er Cru Les Pruliers 2017,4210,0.0,0.0,1.7010417055136013
48.5,15714,Lucien Boillot Pommard 2017,4211,1.0,48.5,0.5755685227016055
39.8,15717,Lucien Boillot Volnay 2017,4212,2.0,79.6,0.26273731853341487
58.8,15718,Lucien Boillot Volnay 1er Cru Les Angles 2017,4213,0.0,0.0,0.9459319023490035
26.5,15480,Marc Colin Et Fils Saint-Aubin Blanc Luce 2017,4215,0.0,0.0,-0.21549889013749704
13.4,15213,Domaine de l'Ecu Muscadet Classic 2018,4216,1.0,13.4,-0.6865435768735082
17.1,15672,Domaine de l'Ecu Muscadet Granite 2018,4217,0.0,0.0,-0.5535004210778408
16.7,12599,Domaine de l'Ecu Muscadet Orthogneiss 2014,4219,1.0,16.7,-0.5678834649476427
11.6,15758,Xavier Frissant Touraine Amboise Chenin Les Pierres 2018,4220,12.0,139.2,-0.7512672742876164
12.8,15829,Xavier Frissant Touraine Les Roses du Clos 2018,4221,15.0,192.0,-0.7081181426782109
8.9,15759,Xavier Frissant Touraine Amboise M de La Touche 2016,4222,4.0,35.6,-0.8483528204087791
9.7,16585,Xavier Frissant Touraine Sauvignon 2019,4223,3.0,29.099999999999998,-0.8195867326691754
17.2,15306,Pierre Martin Sancerre Chavignol Rouge 2017,4224,2.0,34.4,-0.5499046601103904
16.9,16497,Pierre Martin Sancerre Chavignol Blanc 2019,4225,13.0,219.7,-0.5606919430127418
12.6,15261,La Cotelleraie Saint-Nicolas-de-Bourgueil La Croisée 2018,4227,6.0,75.6,-0.7153096646131117
29.9,12657,Domaine de Bellivière Jasnières Les Rosiers 2015,4228,0.0,0.0,-0.09324301724418123
9.6,15403,Mérieau Touraine L'Arpent des Vaudons 2018,4229,0.0,0.0,-0.8231824936366258
11.1,15461,Argentine Mendoza Alamos Malbec 2018,4231,1.0,11.1,-0.7692460791248688
11.1,16269,Argentine Mendoza Alamos Chardonnay 2019,4232,2.0,22.2,-0.7692460791248688
17.1,13905,Maroc Graillot/Thaleb Tandem Syrah 2015,4235,1.0,17.1,-0.5535004210778408
28.0,16567,Domaine Augustin Collioure Blanc Adéodat 2019,4239,0.0,0.0,-0.16156247562574003
28.0,15436,Domaine Augustin Collioure Rouge Adéodat 2017,4240,0.0,0.0,-0.16156247562574003
8.9,14725,Parcé Frères IGP Côtes Catalanes Hommage à Fernand Blanc 2019,4241,1.0,8.9,-0.8483528204087791
8.6,15310,Parcé Frères Côtes du Roussillon Villages Zoé Rouge 2018,4242,14.0,120.39999999999999,-0.8591401033111304
13.5,15770,La Préceptorie Côtes du Roussillon Coume Marie 2018,4244,5.0,67.5,-0.6829478159060577
8.9,16097,Parcé Frères IGP Pays d'Oc Zoé Viognier 2019,4245,1.0,8.9,-0.8483528204087791
15.3,15428,Domaine Saint-Denis Mâcon Lugny 2017,4246,7.0,107.10000000000001,-0.6182241184919492
14.8,15033,Domaine Saint-Denis Mâcon Chardonnay 2017,4248,12.0,177.60000000000002,-0.6362029233292016
19.5,16317,Domaine Saint-Denis Bourgogne Rouge Clos de la Coque 2018,4250,30.0,585.0,-0.4672021578590297
14.1,15032,Domaine Saint-Denis Bourgogne Rouge Le Clos 2017,4251,8.0,112.8,-0.6613732501013548
59.6,6616,Domaine Huet Vouvray Le Clos du Bourg Moelleux Première Trie 2008,4253,0.0,0.0,0.9746979900886074
26.9,12203,Domaine Huet Vouvray Haut-Lieu Demi-Sec 2015,4254,0.0,0.0,-0.20111584626769521
24.4,14253,Domaine Huet Vouvray Haut-Lieu Sec 2017,4256,0.0,0.0,-0.2910098704539569
31.7,12476,Domaine Huet Vouvray Le Mont Moelleux 2015,4257,0.0,0.0,-0.02851931983007281
32.1,14485,Domaine Huet Vouvray Le Mont Sec 2017,4258,5.0,160.5,-0.014136275960270868
12.2,14945,Chermette Domaine du Vissoux Beaujolais Blanc Collonge 2017,4260,2.0,24.4,-0.7296927084829138
9.9,15662,Chermette Domaine du Vissoux Beaujolais Griottes 2018,4261,1.0,9.9,-0.8123952107342745
15.8,15663,Chermette Domaine du Vissoux Brouilly Pierreux 2018,4262,3.0,47.400000000000006,-0.6002453136546969
15.8,15664,Chermette Domaine du Vissoux Fleurie Poncié 2018,4263,0.0,0.0,-0.6002453136546969
17.8,15665,Chermette Domaine du Vissoux Moulin à Vent Les Trois Roches 2018,4264,2.0,35.6,-0.5283300943056876
9.6,15136,Domaine Bulliat Beaujolais Villages Bibine 2018,4265,3.0,28.799999999999997,-0.8231824936366258
19.0,16537,Domaine Bulliat Morgon Amphore Cou de Jus 2019,4267,2.0,38.0,-0.485180962696282
15.2,16307,Domaine Bulliat Morgon Le Colombier 2019,4268,1.0,15.2,-0.6218198794593998
10.2,16244,Domaine Sérol Côte Roannaise Les Originelles 2019,4269,0.0,0.0,-0.801607927831923
15.5,15839,Domaine Sérol Côte Roannaise Les Millerands 2018,4270,4.0,62.0,-0.6110325965570483
16.6,13460,Domaine Sérol Côte Roannaise Perdrizière 2016,4271,0.0,0.0,-0.5714792259150931
9.2,13089,Domaine Sérol Côte Roannaise Rosé Cabochard 2016,4272,1.0,9.2,-0.8375655375064277
12.9,12942,Domaine Sérol Vin Mousseux Rosé Turbullent Méthode Ancestrale,4274,0.0,0.0,-0.7045223817107605
14.9,14864,I Fabbri Chianti Classico Lamole 2017,4275,12.0,178.8,-0.6326071623617512
17.6,14527,I Fabbri Chianti Classico Terra Di Lamole 2015,4276,0.0,0.0,-0.5355216162405885
24.8,14865,I Fabbri Chianti Classico Riserva 2015,4277,3.0,74.4,-0.27662682658415494
18.9,15690,Château de Cazeneuve Languedoc Blanc 2016,4280,0.0,0.0,-0.48877672366373254
11.6,16330,Château de Cazeneuve Val de Montferrand Rouge Caza Sorix 2019,4281,0.0,0.0,-0.7512672742876164
27.0,16154,Château de Cazeneuve Pic Saint-Loup Le Roc Des Mates 2017,4283,4.0,108.0,-0.1975200853002447
41.0,16153,Château de Cazeneuve Pic Saint-Loup Le Sang Du Calvaire 2017,4285,8.0,328.0,0.30588645014282057
69.8,16066,Domaine Hauvette Les Baux de Provence Amethyste 2017,4286,10.0,698.0,1.3414656087685548
38.6,16065,Domaine Hauvette Les Baux de Provence Cornaline 2014,4287,1.0,38.6,0.21958818692400944
26.7,15292,Domaine Hauvette IGP Alpilles Jaspe 2017,4288,1.0,26.7,-0.20830736820259613
19.0,16246,Domaine de La Tour Du Bon Bandol Blanc 2019,4297,0.0,0.0,-0.485180962696282
23.2,16501,Domaine de La Tour Du Bon Bandol Rouge 2018,4298,1.0,23.2,-0.33415900206336246
39.1,16578,Domaine de La Tour Du Bon Bandol Rouge Saint Ferréol 2018,4299,0.0,0.0,0.23756699176126178
44.0,15567,Domaine de La Tour Du Bon Bandol Rouge En Sol 2017,4300,1.0,44.0,0.4137592791663346
17.5,16553,Domaine de La Tour Du Bon Bandol Rosé 2019,4301,3.0,52.5,-0.539117377208039
30.0,13172,Rimauresq Côtes de Provence Rouge Cru Classé Quintessence 2015,4303,0.0,0.0,-0.08964725627673072
8.1,15120,Domaine de l'Idylle Savoie Cruet 2018,4304,0.0,0.0,-0.8771189081483828
10.7,15949,Domaine de l'Idylle Roussette de Savoie Anne de Chypre 2018,4306,1.0,10.7,-0.7836291229946707
10.9,15946,Domaine de l'Idylle Savoie Mondeuse Le Tithonien 2018,4307,0.0,0.0,-0.7764376010597698
49.0,7818,Champagne Gosset Grand Blanc de Blancs,4334,96.0,4704.0,0.5935473275388579
35.5,13599,Champagne Mailly Grand Cru Blanc de Pinot Noir,4336,1.0,35.5,0.10811959693304493
83.0,4679,Champagne Mailly Grand Cru Les Echansons 2007,4337,0.0,0.0,1.8161060564720164
59.0,12586,Champagne Egly-Ouriet Grand Cru Brut Tradition,4348,0.0,0.0,0.9531234242839045
79.5,12588,Champagne Egly-Ouriet Grand Cru Extra Brut V.P.,4350,0.0,0.0,1.6902544226112501
79.5,12587,Champagne Egly-Ouriet Grand Cru Brut Rosé,4353,3.0,238.5,1.6902544226112501
51.6,12585,Champagne Egly-Ouriet Premier Cru Les Vignes de Vrigny,4356,12.0,619.2,0.6870371126925701
39.0,9562,Champagne Larmandier-Bernier Latitude,4357,0.0,0.0,0.23397123079381124
77.0,13854,Champagne Larmandier-Bernier Grand Cru Vieilles Vignes du Levant 2008,4358,0.0,0.0,1.6003603984249883
85.6,13853,Champagne Larmandier-Bernier Grand Cru Les Chemins d'Avize 2011,4359,1.0,85.6,1.9095958416257284
49.5,11585,Wemyss Malts Blended Malt Scotch Whisky The Hive,4364,1.0,49.5,0.6115261323761102
49.5,11467,Wemyss Malts Blended Malt Scotch Whisky Peat Chimney,4391,0.0,0.0,0.6115261323761102
49.5,11586,Wemyss Malts Blended Malt Scotch Whisky Spice King,4392,0.0,0.0,0.6115261323761102
57.0,13765,Wemyss Malts Blended Malt Scotch Whisky Vanilla Burst,4393,0.0,0.0,0.8812082049348952
59.8,13766,Wemyss Malts Blended Malt Scotch Whisky Treacle Chest,4394,0.0,0.0,0.9818895120235082
27.5,11587,Wemyss Malts Blended Scotch Whisky Lord Elcho,4395,0.0,0.0,-0.17954128046299236
62.0,9636,Wemyss Malts Blended Malt Scotch Whisky The Hive 12 ans,4396,0.0,0.0,1.0609962533074184
59.0,12639,Wemyss Malts Blended Malt Scotch Whisky The Hive Batch Strength,4397,0.0,0.0,0.9531234242839045
59.0,12641,Wemyss Malts Blended Malt Scotch Whisky Peat Chimney Batch Strength,4398,0.0,0.0,0.9531234242839045
59.0,12640,Wemyss Malts Blended Malt Scotch Whisky Spice King Batch Strength,4399,1.0,59.0,0.9531234242839045
44.0,14768,Cognac Frapin 1270,4400,0.0,0.0,0.4137592791663346
62.5,3506,Cognac Frapin VSOP,4401,1.0,62.5,1.0789750581446709
68.1,13230,Cognac Frapin Château de Fontpinot XO 1/2,4405,0.0,0.0,1.2803376723218967
28.1,15426,Domaine de Montcalmès Terrasses du Larzac Rouge 2017,4558,3.0,84.30000000000001,-0.15796671465828951
21.7,15621,Domaine Giudicelli Vin de France Eté Rouge 2018,4564,19.0,412.3,-0.3880954165751194
28.5,15457,Domaine de Montcalmès Coteaux du Languedoc Blanc 2017,4566,0.0,0.0,-0.14358367078848772
67.2,13604,Château de Meursault Beaune-Grèves Les Trois Journaux 1er Cru 2015,4573,0.0,0.0,1.2479758236148428
43.9,15476,Marc Colin Et Fils Chassagne-Montrachet Blanc Margot 2017,4596,23.0,1009.6999999999999,0.410163518198884
61.6,14000,Marc Colin Et Fils Chassagne-Montrachet Blanc Les Vide-Bourses 1er Cru 2016,4597,2.0,123.2,1.0466132094376166
41.8,15478,Marc Colin Et Fils Saint-Aubin Blanc En Montceau 2017,4598,1.0,41.8,0.3346525378824242
26.5,15475,Marc Colin Et Fils Chassagne-Montrachet Rouge Vieilles Vignes 2017,4600,0.0,0.0,-0.21549889013749704
16.1,16151,Catherine et Claude Maréchal Bourgogne Aligoté 2018,4601,4.0,64.4,-0.5894580307523455
31.5,15659,Catherine et Claude Maréchal Chorey-Lès-Beaune 2017,4602,7.0,220.5,-0.035710841764973716
31.5,15147,Catherine et Claude Maréchal Ladoix Rouge Les Chaillots 2017,4603,1.0,31.5,-0.035710841764973716
49.0,15660,Catherine et Claude Maréchal Pommard La Chanière 2016,4604,1.0,49.0,0.5935473275388579
32.2,15148,Catherine et Claude Maréchal Savigny-Lès-Beaune Rouge 2016,4605,0.0,0.0,-0.010540514992820351
50.1,15149,Catherine et Claude Maréchal Volnay 2017,4606,1.0,50.1,0.633100698180813
13.4,15146,François Bergeret Hautes Côtes de Beaune Vieilles Vignes Rondo 2017,4607,0.0,0.0,-0.6865435768735082
11.8,15145,François Bergeret Hautes Côtes de Beaune Rouge 2017,4609,0.0,0.0,-0.7440757523527155
13.1,15801,François Bergeret Hautes Côtes de Beaune Blanc 2018,4610,0.0,0.0,-0.6973308597758595
26.2,15452,Gilbert Picq Chablis Vosgros 1er Cru 2017,4611,15.0,393.0,-0.22628617303984846
20.6,15038,Gilbert Picq Chablis Vieilles Vignes 2017,4612,10.0,206.0,-0.4276487872170745
16.9,15030,Gilbert Picq Chablis 2017,4613,9.0,152.1,-0.5606919430127418
19.0,15875,Gilbert Picq Chablis En Vaudécorse 2017,4614,11.0,209.0,-0.485180962696282
24.0,16186,Alphonse Mellot Sancerre Blanc La Moussière 2018,4615,7.0,168.0,-0.3053929143237587
57.0,14371,Alphonse Mellot Sancerre Rouge La Demoiselle 2015,4616,0.0,0.0,0.8812082049348952
67.5,10459,Alphonse Mellot Sancerre Rouge Génération XIX 2011,4617,0.0,0.0,1.258763106517194
30.6,14372,Alphonse Mellot Sancerre Rouge La Moussière 2014,4618,0.0,0.0,-0.06807269047202787
59.0,11049,Alphonse Mellot Sancerre Rouge En Grands Champs 2012,4619,0.0,0.0,0.9531234242839045
11.9,15850,Bernard Baudry Chinon Rouge Les Granges 2018,4620,6.0,71.4,-0.7404799913852652
16.5,15849,Bernard Baudry Chinon Rouge Les Grézeaux 2017,4621,9.0,148.5,-0.5750749868825437
52.4,812,Marcel Windholtz Eau de Vie de Sureau,4625,0.0,0.0,0.7158032004321737
52.9,807,Marcel Windholtz Eau de Vie de Prunelle Sauvage,4626,0.0,0.0,0.733782005269426
58.3,805,Marcel Windholtz Eau de Vie de Poire Williams Réserve Particulière,4627,4.0,233.2,0.9279530975117511
39.6,802,Marcel Windholtz Eau de Vie de Marc de Muscat,4628,0.0,0.0,0.2555457965985141
52.4,2534,Marcel Windholtz Eau de Vie de Fraise,4629,2.0,104.8,0.7158032004321737
62.4,793,Marcel Windholtz Eau de Vie de Coing,4630,4.0,249.6,1.0753792971772203
76.8,791,Marcel Windholtz Eau de Vie de Baie de Houx,4631,0.0,0.0,1.5931688764900873
50.0,2179,Marcel Windholtz Eau de Vie de Quetsch d'Alsace Réserve Particulière,4632,0.0,0.0,0.6295049372133625
52.4,804,Marcel Windholtz Eau de Vie de Mirabelle d'Alsace Réserve Particulière,4633,3.0,157.2,0.7158032004321737
41.0,41,Marcel Windholtz Eau de Vie de Marc de Gewurztraminer,4634,0.0,0.0,0.30588645014282057
62.4,798,Marcel Windholtz Eau de Vie de Kirsch d'Alsace Réserve Particulière,4635,0.0,0.0,1.0753792971772203
50.0,2361,Marcel Windholtz Eau de Vie de Framboise d'Alsace,4636,1.0,50.0,0.6295049372133625
21.5,15848,Bernard Baudry Chinon Rouge Le Clos Guillot 2017,4646,1.0,21.5,-0.39528693851002034
28.5,16525,Bernard Baudry Chinon Rouge La Croix Boissée 2017,4647,8.0,228.0,-0.14358367078848772
24.3,16262,Bernard Baudry Chinon Blanc La Croix Boissée 2018,4648,2.0,48.6,-0.2946056314214073
16.5,16261,Bernard Baudry Chinon Blanc 2018,4649,1.0,16.5,-0.5750749868825437
25.3,15206,Thierry Germain Saumur Blanc L'Insolite 2018,4650,5.0,126.5,-0.2586480217469026
49.0,11849,Thierry Germain Saumur Blanc Terres 2014,4651,0.0,0.0,0.5935473275388579
36.2,13515,Thierry Germain Saumur-Champigny Franc De Pied 2016,4653,0.0,0.0,0.1332899237051983
33.4,13514,Thierry Germain Saumur-Champigny La Marginale 2016,4654,0.0,0.0,0.03260861661658509
40.2,13516,Thierry Germain Saumur-Champigny Les Mémoires 2016,4655,0.0,0.0,0.27712036240321697
43.0,10814,Thierry Germain Saumur-Champigny Outre Terre 2013,4656,0.0,0.0,0.3778016694918299
43.0,11847,Thierry Germain Saumur-Champigny Outre Terre 2014,4657,0.0,0.0,0.3778016694918299
48.8,13517,Thierry Germain Saumur-Champigny Outre Terre 2016,4658,0.0,0.0,0.5863558056039568
20.8,16081,Pierre Martin Sancerre Les Monts Damnés 2018,4662,0.0,0.0,-0.4204572652821736
16.4,15402,La Cotelleraie Saint-Nicolas-de-Bourgueil Le Vau Jaumier 2016,4664,0.0,0.0,-0.5786707478499942
14.4,15404,Vincent Carême Vouvray Sec 2018,4665,2.0,28.8,-0.6505859671990035
21.0,13647,Vincent Carême Vouvray Moelleux 2015,4666,0.0,0.0,-0.4132657433472727
12.3,14657,Xavier Frissant Touraine Amboise L'Orée des Frênes 2015,4668,3.0,36.900000000000006,-0.7260969475154632
20.2,16053,Domaine Pellé Menetou Salon Blanc Le Carroir 2018,4669,1.0,20.2,-0.44203183108687644
17.0,15525,Domaine Pellé Menetou Salon Blanc Morogues 2018,4670,2.0,34.0,-0.5570961820452913
21.9,15527,Domaine Pellé Menetou Salon Rouge Les Cris 2015,4671,0.0,0.0,-0.3809038946402185
17.8,14676,Domaine Pellé Menetou Salon Rouge Morogues 2017,4672,0.0,0.0,-0.5283300943056876
19.8,16057,Domaine Pellé Sancerre Rouge La Croix Au Garde 2017,4673,0.0,0.0,-0.45641487495667826
19.0,16056,Domaine Pellé Sancerre Blanc La Croix Au Garde 2018,4674,7.0,133.0,-0.485180962696282
10.7,13762,Domaine Rotier Gaillac Blanc Sec Renaissance 2015,4675,0.0,0.0,-0.7836291229946707
12.9,15280,Domaine Rotier Gaillac Blanc Doux Les Gravels 2016,4676,0.0,0.0,-0.7045223817107605
9.5,15282,Domaine Rotier Gaillac Rouge Les Gravels 2016,4677,1.0,9.5,-0.8267782546040763
29.8,15281,Domaine Rotier Gaillac Rouge L'Ame 2016,4678,0.0,0.0,-0.09683877821163162
13.2,15283,Domaine Rotier Gaillac Rouge Renaissance 2016,4679,0.0,0.0,-0.6937350988084091
6.3,15934,Domaine de Joy Côtes de Gascogne Envie de Joy 2018,4680,2.0,12.6,-0.9418426055624912
7.1,15933,Domaine de Joy Côtes de Gascogne Blanc Moelleux Saint-André 2018,4681,12.0,85.19999999999999,-0.9130765178228875
9.1,15575,Château Plaisance Fronton Rouge 2017,4682,6.0,54.599999999999994,-0.8411612984738781
9.1,16239,Château Plaisance Fronton Rosé 2019,4683,1.0,9.1,-0.8411612984738781
18.1,14451,Château Plaisance Fronton To Co Que Cal 2015,4684,3.0,54.300000000000004,-0.5175428114033361
14.0,16324,Cosse Maisonneuve Cahors Solis 2018,4686,2.0,28.0,-0.6649690110688053
30.1,15582,Cosse-Maisonneuve Cahors Le Sid 2014,4687,0.0,0.0,-0.08605149530928019
12.8,13736,Domaine Plageoles Côtes du Tarn Blanc Sec Ondenc,4689,1.0,12.8,-0.7081181426782109
12.8,13659,Domaine Plageoles Vin de France Contre-Pied 2016,4690,0.0,0.0,-0.7081181426782109
19.8,15465,Albert Mann Crémant d'Alsace Extra Brut 2017,4703,7.0,138.6,-0.45641487495667826
18.2,15004,Albert Mann Gewurztraminer 2017,4704,3.0,54.599999999999994,-0.5139470504358857
31.6,14699,Albert Mann Gewurztraminer Grand Cru Steingrubler 2016,4705,8.0,252.8,-0.0321150807975232
16.8,15349,Albert Mann Muscat 2018,4706,32.0,537.6,-0.5642877039801922
22.8,15466,Albert Mann Pinot Gris Cuvée Albert 2017,4707,13.0,296.40000000000003,-0.34854204593316424
32.6,14700,Albert Mann Pinot Gris Grand Cru Furstentum 2016,4708,8.0,260.8,0.0038425288769814627
44.0,10775,Albert Mann Pinot Gris Vendanges Tardives Altenbourg 2011,4709,0.0,0.0,0.4137592791663346
55.4,16119,Albert Mann Riesling Grand Cru Schlossberg 2018,4711,1.0,55.4,0.8236760294556876
15.8,15667,Domaine Schoenheitz Crémant d'Alsace Mémoire de Granit Extra Brut,4712,1.0,15.8,-0.6002453136546969
18.4,14746,Domaine Schoenheitz Gewurztraminer Lisenberg 2015,4713,12.0,220.79999999999998,-0.5067555285009848
13.3,15361,Domaine Schoenheitz Muscat 2017,4714,3.0,39.900000000000006,-0.6901393378409586
11.1,15196,Domaine Schoenheitz Pinot Blanc Val Saint Grégoire 2017,4715,0.0,0.0,-0.7692460791248688
18.6,15657,Domaine Schoenheitz Pinot Gris Herrenreben 2017,4716,0.0,0.0,-0.4995640065660838
23.4,15658,Domaine Schoenheitz Pinot Noir Herrenreben 2017,4717,6.0,140.39999999999998,-0.32696748012846155
18.2,15670,Domaine Schoenheitz Pinot Noir Val Saint Grégoire 2017,4718,0.0,0.0,-0.5139470504358857
12.5,16527,Domaine Schoenheitz Pinot Noir Tradition 2019,4719,15.0,187.5,-0.7189054255805624
15.9,16513,Domaine Schoenheitz Riesling Herrenreben 2018,4720,15.0,238.5,-0.5966495526872465
13.7,15880,François Baur Pinot Gris Herrenweg de Turckheim 2018,4722,1.0,13.7,-0.6757562939711568
29.0,15879,François Baur Pinot Noir Sang Du Dragon 2017,4723,3.0,87.0,-0.12560486595123538
23.4,16010,François Baur Riesling Grand Cru Brand Clos De La Treille 2017,4725,0.0,0.0,-0.32696748012846155
12.7,14950,François Baur Pinot Noir Schlittweg 2017,4726,4.0,50.8,-0.7117139036456614
26.0,16540,Paul Ginglinger Riesling Grand Cru Pfersigberg 2018,4727,2.0,52.0,-0.23347769497474935
29.5,15729,Maurice Schoech Gewurztraminer Vendanges Tardives 2017,4728,2.0,59.0,-0.10762606111398304
8.6,38,Emile Boeckel Crémant Brut Blanc de Blancs,4729,38.0,326.8,-0.8591401033111304
14.3,5646,Domaine Muré Crémant d'Alsace Cuvée Prestige,4730,0.0,0.0,-0.6541817281664539
22.0,8344,Domaine Muré Crémant d'Alsace Rosé,4731,18.0,396.0,-0.377308133672768
16.8,15576,Camin Larredya Jurançon Sec La Part Davant 2018,4733,0.0,0.0,-0.5642877039801922
15.3,16138,Camin Larredya Jurançon Moelleux Costat Darrer 2018,4734,1.0,15.3,-0.6182241184919492
7.4,14366,Jean-Paul Brun Beaujolais Le Ronsay 2016,4739,0.0,0.0,-0.9022892349205361
9.7,13412,Jean-Paul Brun Beaujolais L'Ancien 2016,4740,0.0,0.0,-0.8195867326691754
14.5,14632,Jean-Paul Brun Saint-Amour 2017,4748,0.0,0.0,-0.646990206231553
11.9,15315,Domaine de Montgilet Anjou Blanc 2016,4749,0.0,0.0,-0.7404799913852652
16.4,13627,Domaine de Montgilet Anjou Rouge Les Yvonnais 2015,4750,2.0,32.8,-0.5786707478499942
27.9,14184,Domaine de Montgilet Coteaux de l'Aubance Les Trois Schistes 2016,4752,0.0,0.0,-0.16515823659319057
12.0,15429,Domaine de Montgilet Coteaux de l'Aubance 2017,4753,7.0,84.0,-0.7368842304178146
7.4,16132,Domaine de Montgilet Vin de France Grolleau 2019,4755,0.0,0.0,-0.9022892349205361
26.5,14680,Domaine Saint-Nicolas Fiefs Vendéens Blanc Le Haut des Clous 2017,4757,6.0,159.0,-0.21549889013749704
24.3,15859,Domaine Saint-Nicolas Fiefs Vendéens Rouge Cuvée Jacques 2016,4758,0.0,0.0,-0.2946056314214073
16.9,16229,Domaine Saint-Nicolas Fiefs Vendéens Rouge Reflets 2018,4759,0.0,0.0,-0.5606919430127418
6.8,14302,Château de La Liquière Pays d'Hérault Blanc A Mi Chemin 2017,4776,7.0,47.6,-0.9238638007252389
13.9,16072,Clos du Mont-Olivet Lirac Rosé Farel 2019,4778,0.0,0.0,-0.6685647720362559
7.8,14300,Clos du Mont-Olivet Vin de France La Sabonite,4779,18.0,140.4,-0.8879061910507342
13.7,13096,Maurice Schoech Crémant d'Alsace Brut Rosé Bulles de Granite,4780,1.0,13.7,-0.6757562939711568
9.8,16564,Paul Ginglinger Pinot Blanc 2017,4782,3.0,29.400000000000002,-0.8159909717017249
29.5,13754,Maurice Schoech Pinot Gris Vendanges Tardives 2015,4783,0.0,0.0,-0.10762606111398304
28.5,15734,Maurice Schoech Riesling Vendanges Tardives 2017,4784,0.0,0.0,-0.14358367078848772
10.1,15448,Maurice Schoech Pinot Auxerrois Vieilles Vignes 2018,4785,1.0,10.1,-0.8052036887993734
12.1,15881,Maurice Schoech Gewurztraminer 2018,4786,0.0,0.0,-0.7332884694503641
12.3,15731,Maurice Schoech Pinot Gris 2018,4788,3.0,36.900000000000006,-0.7260969475154632
11.1,15316,Maurice Schoech Pinot Noir 2018,4789,2.0,22.2,-0.7692460791248688
11.1,15732,Maurice Schoech Riesling 2018,4790,0.0,0.0,-0.7692460791248688
13.6,14599,Maurice Schoech Pinot Noir Pièce de Chêne 2016,4791,0.0,0.0,-0.6793520549386072
21.0,15733,Maurice Schoech Riesling Grand Cru Kaefferkopf 2018,4792,19.0,399.0,-0.4132657433472727
18.7,15730,Maurice Schoech Pinot Gris Grand Cru Schlossberg 2017,4793,0.0,0.0,-0.49596824559863345
41.6,12771,Maurice Schoech Riesling Grand Cru Rangen de Thann 2014,4794,0.0,0.0,0.3274610159475234
12.0,3568,Emile Boeckel Crémant Brut Rosé,4795,10.0,120.0,-0.7368842304178146
78.0,14506,Domaine Peyre Rose Clos des Cistes 2008,4797,0.0,0.0,1.636318008099493
14.9,15811,Domaine de la Monardière Vacqueyras Les Deux Monardes 2017,4799,3.0,44.7,-0.6326071623617512
6.5,16342,Château Turcaud Bordeaux Rosé 2019,4858,1.0,6.5,-0.9346510836275903
8.7,16292,Philippe Nusswitz Duché d'Uzès Orénia Rosé 2019,4860,11.0,95.69999999999999,-0.85554434234368
8.5,15307,Philippe Nusswitz Duché d'Uzès Orénia Rouge 2017,4861,29.0,246.5,-0.862735864278581
9.9,16047,Philippe Nusswitz Duché d'Uzès Orénia Blanc 2018,4862,12.0,118.80000000000001,-0.8123952107342745
8.2,16255,Château Ollieux Romanis Corbières Rosé Classique 2019,4863,4.0,32.8,-0.8735231471809324
9.8,16274,Mourgues du Grès Costières de Nîmes Capitelles Rosé 2018,4865,13.0,127.4,-0.8159909717017249
9.9,16148,Château De La Selve IGP Coteaux de l'Ardèche Maguelonne Rosé 2019,4867,1.0,9.9,-0.8123952107342745
9.3,16149,Triennes IGP Méditerranée Rosé 2019,4870,33.0,306.90000000000003,-0.8339697765389772
22.8,16289,Tempier Bandol Rosé 2019,4876,22.0,501.6,-0.34854204593316424
18.7,14981,Saumaize-Michelin Mâcon Vergisson Sur La Roche 2017,4885,0.0,0.0,-0.49596824559863345
28.4,15773,Saumaize-Michelin Pouilly-Fuissé Clos sur la Roche 2018,4886,5.0,142.0,-0.14717943175593823
27.9,15776,Saumaize-Michelin Pouilly-Fuissé Les Ronchevats 2018,4888,0.0,0.0,-0.16515823659319057
25.3,16037,Saumaize-Michelin Pouilly-Fuissé Vignes Blanches 2018,4889,0.0,0.0,-0.2586480217469026
17.0,16038,Saumaize-Michelin Saint-Véran 2018,4890,6.0,102.0,-0.5570961820452913
27.9,15807,Jacqueson Rully Blanc 1er Cru La Pucelle 2018,4891,36.0,1004.4,-0.16515823659319057
20.1,15952,Jacqueson Rully Rouge Les Chaponnières 2018,4892,3.0,60.300000000000004,-0.44562759205432684
27.9,15808,Jacqueson Rully Rouge 1er Cru Les Cloux 2018,4893,3.0,83.69999999999999,-0.16515823659319057
21.2,16062,Domaine Brintet Mercurey Blanc Vieilles Vignes 2018,4899,9.0,190.79999999999998,-0.40607422141237176
20.8,16063,Domaine Brintet Mercurey Rouge Vieilles Vignes 2018,4900,1.0,20.8,-0.4204572652821736
41.0,14802,Domaine Des Croix Beaune 1er Cru Les Cent Vignes 2017,4901,0.0,0.0,0.30588645014282057
46.0,13052,Domaine Des Croix Savigny-Lès-Beaune 1er Cru Les Peuillets 2015,4902,0.0,0.0,0.4856744985153439
22.9,14374,Alphonse Mellot Coteaux Charitois Rouge Les Pénitents 2015,4907,0.0,0.0,-0.3449462849657139
53.2,14395,Alphonse Mellot Sancerre Blanc Edmond 2016,4908,4.0,212.8,0.7445692881717776
25.9,15614,Antoine-Marie Arena Vin de France Bianco Gentile 2018,4909,0.0,0.0,-0.2370734559421999
17.3,13809,Antoine-Marie Arena Vin de France Rouge San Giovanni 2017,4910,4.0,69.2,-0.5463088991429399
25.9,15612,Jean-Baptiste Arena Patrimonio Rouge Grotte Di Sole 2018,4912,6.0,155.39999999999998,-0.2370734559421999
28.0,13814,Jean-Batiste Arena Muscat du Cap Corse 2015,4913,0.0,0.0,-0.16156247562574003
25.9,15613,Antoine-Marie Arena Patrimonio Hauts de Carco 2018,4914,2.0,51.8,-0.2370734559421999
25.9,15615,Jean-Baptiste Arena Patrimonio Blanc Morta Maio,4915,8.0,207.2,-0.2370734559421999
37.2,15533,Alain Graillot Crozes-Hermitage Rouge La Guiraude 2016,4918,24.0,892.8000000000001,0.16924753337970297
24.4,15531,Alain Graillot Crozes-Hermitage Rouge 2017,4919,6.0,146.39999999999998,-0.2910098704539569
24.4,15530,Alain Graillot Crozes-Hermitage Blanc 2018,4920,10.0,244.0,-0.2910098704539569
7.0,15928,Cave de Castelmaure Corbières Rouge Vigneron 2018,4923,10.0,70.0,-0.916672278790338
12.8,16276,Cave de Castelmaure Corbières Rouge Grande Cuvée 2017,4924,0.0,0.0,-0.7081181426782109
23.2,16277,Cave de Castelmaure Corbières Rouge N°3 2017,4925,12.0,278.4,-0.33415900206336246
7.9,15456,Domaine La Croix Belle Côtes de Thongue Blanc Champ des Lys 2018,4926,0.0,0.0,-0.8843104300832838
6.5,15425,Domaine La Croix Belle Côtes de Thongue Rouge La Caringole 2018,4927,4.0,26.0,-0.9346510836275903
7.9,15047,Domaine La Croix Belle Côtes de Thongue Rouge Le Champ du Coq 2016,4928,5.0,39.5,-0.8843104300832838
16.7,15927,Domaine La Croix Belle Côtes de Thongue Rouge N°7 2017,4929,2.0,33.4,-0.5678834649476427
17.5,16155,Domaine La Croix Belle Côtes de Thongue Blanc N°7 2018,4930,5.0,87.5,-0.539117377208039
27.8,16280,Marcel Richaud Cairanne Rouge L'Ebrescade 2017,4931,0.0,0.0,-0.16875399756064094
25.7,9937,Marcel Richaud Cairanne Rouge Les Estrambords 2011,4932,4.0,102.8,-0.24426497787710078
18.4,16281,Marcel Richaud Cairanne Rouge 2018,4933,0.0,0.0,-0.5067555285009848
22.2,15554,Marcel Richaud Rasteau Rouge 2017,4934,2.0,44.4,-0.3701166117378671
11.1,15106,Domaine Rouge Garance Côtes du Rhône Blanc De Garance 2018,4936,11.0,122.1,-0.7692460791248688
9.9,16283,Domaine Rouge Garance Côtes du Rhône Feuille de Garance 2019,4937,4.0,39.6,-0.8123952107342745
12.5,13379,Domaine Rouge Garance Côtes du Rhône Villages Garances 2016,4938,0.0,0.0,-0.7189054255805624
12.9,15338,Oratoire Saint Martin Cairanne Blanc Réserve des Seigneurs 2018,4939,0.0,0.0,-0.7045223817107605
20.5,15337,Oratoire Saint Martin Cairanne Blanc Haut-Coustias 2017,4940,2.0,41.0,-0.431244548184525
25.0,bon-cadeau-25-euros,Bon cadeau de 25€,4954,10.0,250.0,-0.269435304649254
11.3,15737,Château Turcaud Bordeaux Blanc Cuvée Majeure 2018,4962,14.0,158.20000000000002,-0.7620545571899678
7.0,15958,Château Turcaud Bordeaux Rouge 2016,4963,2.0,14.0,-0.916672278790338
12.1,16515,Château Turcaud Bordeaux Rouge Cuvée Majeure 2018,4964,6.0,72.6,-0.7332884694503641
7.1,16586,Château Turcaud Entre-Deux-Mers 2019,4965,26.0,184.6,-0.9130765178228875
49.5,11225,Champagne Larmandier-Bernier Terre de Vertus Premier Cru 2011,4970,0.0,0.0,0.6115261323761102
23.0,16004,Château du Couvent Pomerol 2017,4974,5.0,115.0,-0.3413505239982634
23.7,14756,Château Cordet Margaux 2013,4975,4.0,94.8,-0.3161801972261101
16.45,16005,Château Lafont Menaut Pessac-Leognan Rouge 2017,4976,4.0,65.8,-0.576872867366269
16.3,14930,Château Lafont Menaut Pessac-Leognan Blanc 2017,4977,3.0,48.900000000000006,-0.5822665088174446
18.5,13313,Château Dutruch Grand Poujeaux Moulis 2016,4978,0.0,0.0,-0.5031597675335343
26.5,15229,Château La Tour l'Aspic Pauillac 2014,4980,0.0,0.0,-0.21549889013749704
78.0,14507,Domaine Peyre Rose Syrah Léone 2008,4994,0.0,0.0,1.636318008099493
78.0,14509,Domaine Peyre Rose Oro Blanc 2002,4995,0.0,0.0,1.636318008099493
78.0,14508,Domaine Peyre Rose Marlène N°3 2008,4996,0.0,0.0,1.636318008099493
27.3,15868,David Duband Côtes de Nuits Villages 2017,5000,6.0,163.8,-0.18673280239789328
64.9,14580,David Duband Morey-Saint-Denis 1er Cru Les Broc 2016,5002,0.0,0.0,1.1652733213634823
48.7,15869,David Duband Morey-Saint-Denis 2017,5003,0.0,0.0,0.5827600446365065
59.4,15871,David Duband Vosne Romanée 2017,5004,2.0,118.8,0.9675064681537063
48.7,15870,David Duband Nuits-Saint-Georges 2017,5006,0.0,0.0,0.5827600446365065
55.6,15073,Domaine des Comtes Lafon Monthélie 1er Cru Les Duresses 2017,5010,0.0,0.0,0.8308675513905887
9.3,14839,Château Tour Des Gendres Bergerac Blanc Cuvée Des Conti 2017,5016,3.0,27.900000000000002,-0.8339697765389772
19.8,14696,Château Tour Des Gendres Bergerac Blanc Moulin Des Dames 2016,5019,0.0,0.0,-0.45641487495667826
45.0,11996,Champagne Agrapart &amp; Fils Les 7 Crus Brut Blanc de Blancs,5024,0.0,0.0,0.4497168888408392
86.8,13913,Champagne Agrapart &amp; Fils Minéral Extra Brut Blanc de Blancs Grand Cru 2012,5026,0.0,0.0,1.952744973235134
62.1,11997,Champagne Agrapart &amp; Fils Terroirs Brut Blanc de Blancs Grand Cru,5027,0.0,0.0,1.064592014274869
22.5,531,Champagne Petit Lebrun &amp; Fils Blanc de Blancs Grand Cru,5047,13.0,292.5,-0.35932932883551566
7.5,13531,Domaine de Montgilet Anjou Rouge 2016,5056,1.0,7.5,-0.8986934739530856
52.6,15711,Lucien Boillot Gevrey Chambertin Les Evocelles 2017,5061,0.0,0.0,0.7229947223670747
45.0,15713,Lucien Boillot Gevrey Chambertin 2017,5062,2.0,90.0,0.4497168888408392
67.0,15715,Lucien Boillot Pommard 1er Cru Les Croix Noires 2017,5063,0.0,0.0,1.2407843016799418
59.9,15346,Albert Mann Pinot Noir Grand H 2017,5067,16.0,958.4,0.9854852729909587
59.9,15345,Albert Mann Pinot Noir Grand P 2017,5068,0.0,0.0,0.9854852729909587
65.0,15344,Albert Mann Pinot Noir Les Saintes Claires 2017,5069,0.0,0.0,1.1688690823309325
15.2,15755,David-Beaupère Juliénas Les Trois Verres 2018,5375,1.0,15.2,-0.6218198794593998
19.0,15677,Argentine Alamos Catena Malbec 2017,5377,0.0,0.0,-0.485180962696282
11.1,14561,Argentine Mendoza Alamos Torrontes 2017,5379,0.0,0.0,-0.7692460791248688
18.0,16022,Nouvelle-Zélande Marlborough Momo Sauvignon Blanc 2018,5380,0.0,0.0,-0.5211385723707866
22.8,16011,Nouvelle-Zélande Marlborough Momo Pinot Noir 2016,5382,0.0,0.0,-0.34854204593316424
19.5,3383,Nouvelle-Zélande Marlborough Kim Crawford Sauvignon Blanc 2015,5383,0.0,0.0,-0.4672021578590297
28.8,14149,Liban Vallée de la Békaa Château Marsyas 2012,5384,0.0,0.0,-0.1327963878861363
16.1,13904,Australie Maverick Breechens Blend 2012,5389,0.0,0.0,-0.5894580307523455
24.2,14141,Australie Maverick Trial Hill Riesling 2010,5391,1.0,24.2,-0.2982013923888578
35.3,12494,Australie Harkham Wines Old Vines 2011,5393,0.0,0.0,0.1009280749981439
10.7,15462,Chili Valdivieso Merlot 2017,5394,0.0,0.0,-0.7836291229946707
12.7,15095,Chili Errazuriz Cabernet Sauvignon 2016,5395,0.0,0.0,-0.7117139036456614
17.1,14626,Chili De Martino Gallardia Cinsault 2017,5396,0.0,0.0,-0.5535004210778408
24.0,12496,Chili De Martino Viejas Tinajas Cinsault 2013,5397,0.0,0.0,-0.3053929143237587
39.0,12315,Chili Montsecano (Ostertag) Pinot Noir 2013,5398,1.0,39.0,0.23397123079381124
13.2,15649,La Préceptorie Maury Sec Rouge Copain Comme Cochon 2018,5439,18.0,237.6,-0.6937350988084091
23.6,14809,La Rectorie Banyuls Léon Parcé 2016,5443,5.0,118.0,-0.3197759581935605
15.5,15155,La Préceptorie Maury Rouge Cuvée Aurélie 2017,5444,1.0,15.5,-0.6110325965570483
16.3,12194,La Préceptorie Maury Blanc 2015,5445,0.0,0.0,-0.5822665088174446
16.2,16328,Parcé Frères Banyuls Rimage 2018,5446,0.0,0.0,-0.5858622697848951
7.2,14469,Parcé Frères Côtes du Roussillon Villages Hommage à Fernand 2017,5448,0.0,0.0,-0.9094807568554371
54.8,16034,Clos du Mont-Olivet Châteauneuf-du-Pape 2007,5465,3.0,164.39999999999998,0.8021014636509848
42.0,14679,Domaine Saint-Nicolas Fiefs Vendéens Rouge La Grande Pièce 2013,5474,4.0,168.0,0.34184405981732524
19.8,15526,Domaine Pellé Menetou Salon Blanc Les Vignes de Ratier 2018,5477,4.0,79.2,-0.45641487495667826
10.2,16305,Domaine Bulliat Beaujolais Blanc 2019,5479,3.0,30.599999999999998,-0.801607927831923
10.4,16306,Domaine Bulliat Chiroubles Cuvée Félix 2019,5480,1.0,10.4,-0.7944164058970221
11.5,15138,Domaine Bulliat Moulin-à-Vent 2017,5481,0.0,0.0,-0.7548630352550669
17.9,15753,David-Beaupère Juliénas La Bottière Vieilles Vignes 2018,5483,0.0,0.0,-0.5247343333382372
21.6,15756,David-Beaupère Juliénas Vayolette 2017,5484,1.0,21.6,-0.3916911775425698
33.4,16131,Decelle-Villa Savigny-Lès-Beaune Blanc 2018,5485,3.0,100.19999999999999,0.03260861661658509
49.5,16130,Decelle-Villa Meursault 2018,5486,9.0,445.5,0.6115261323761102
43.5,16129,Decelle-Villa Nuits-Saint-Georges Rouge 2016,5487,3.0,130.5,0.39578047432908225
43.5,14712,Decelle-Villa Beaune Rouge 2015,5488,0.0,0.0,0.39578047432908225
26.5,15481,Marc Colin Et Fils Santenay Rouge 2017,5491,0.0,0.0,-0.21549889013749704
13.8,16146,Château de la Selve Coteaux de l'Ardèche Blanc Saint-Régis Blanc 2019,5504,3.0,41.400000000000006,-0.6721605330037063
18.2,14192,Château de la Selve Coteaux de l'Ardèche Rouge Serre de Berty 2014,5506,0.0,0.0,-0.5139470504358857
12.9,15860,Domaine Chambeyron Côtes du Rhône 2017,5519,22.0,283.8,-0.7045223817107605
38.6,15863,Domaine Chambeyron Côte Rôtie La Chavarine 2017,5520,2.0,77.2,0.21958818692400944
48.4,15861,Domaine Chambeyron Côte Rôtie L'Angéline 2017,5522,1.0,48.4,0.571972761734155
60.4,15862,Domaine Chambeyron Côte Rôtie Lancement 2017,5523,1.0,60.4,1.003464077828211
38.6,15864,Domaine Chambeyron Condrieu Vernon 2018,5524,1.0,38.6,0.21958818692400944
12.0,14819,Domaine Chambeyron Vin de Pays des Collines Rhodaniennes Viognier 2016,5525,0.0,0.0,-0.7368842304178146
61.6,14828,Marc Colin Et Fils Chassagne-Montrachet Blanc Les Vide-Bourses 1er Cru 2016,5544,0.0,0.0,1.0466132094376166
65.9,14827,Marc Colin Et Fils Chassagne-Montrachet Blanc Les Caillerets 1er Cru 2016,5545,7.0,461.30000000000007,1.201230931037987
15.2,15202,Thierry Germain Saumur-Champigny Cuvée Domaine 2018,5546,6.0,91.19999999999999,-0.6218198794593998
24.6,13959,Thierry Germain Saumur-Champigny Terres Chaudes 2017,5547,1.0,24.6,-0.28381834851905585
48.8,13965,Thierry Germain Saumur-Champigny Outre Terre 2017,5548,0.0,0.0,0.5863558056039568
34.3,13958,Thierry Germain Saumur-Champigny La Marginale 2017,5550,0.0,0.0,0.06497046532363923
36.3,13957,Thierry Germain Saumur-Champigny Franc De Pied 2017,5551,0.0,0.0,0.13688568467264856
57.7,13520,Thierry Germain Saumur Blanc Clos Roman 2016,5552,0.0,0.0,0.9063785317070485
38.0,13969,Thierry Germain Saumur-Champigny Clos de l'Echelier 2017,5554,0.0,0.0,0.1980136211193066
58.0,19820,Tempier Bandol Migoua 2017,5561,0.0,0.0,0.9171658146093998
58.0,19821,Tempier Bandol Tourtine 2017,5563,0.0,0.0,0.9171658146093998
30.8,15748,Tempier Bandol Rouge 2017,5564,3.0,92.4,-0.06088116853712695
27.5,16192,Le Pas de l'Escalette Terrasses du Larzac Le Grand Pas 2018,5566,0.0,0.0,-0.17954128046299236
34.7,14729,Domaine Huet Vouvray Le Clos du Bourg Demi-Sec 2017,5573,0.0,0.0,0.07935350919344131
59.6,8463,Domaine Huet Vouvray Le Mont Moelleux Première Trie 2008,5574,0.0,0.0,0.9746979900886074
83.7,13982,Lucien Boillot Puligny-Montrachet 1er Cru Les Perrières 2016,5580,0.0,0.0,1.8412763832441699
30.5,15944,Domaine Weinbach Gewurztraminer Cuvée Théo 2018,5608,2.0,61.0,-0.07166845143947838
38.6,15930,Domaine Weinbach Riesling Cuvée Colette 2018,5609,2.0,77.2,0.21958818692400944
18.0,14912,Domaine Weinbach Pinot Blanc 2017,5610,0.0,0.0,-0.5211385723707866
63.4,15945,Domaine Weinbach Riesling Grand Cru Schlossberg Cuvée Ste Catherine 2018,5611,1.0,63.4,1.111336906851725
19.2,14855,Albert Boxler Chasselas 2016,5613,6.0,115.19999999999999,-0.4779894407613811
19.2,14856,Albert Boxler Crémant d'Alsace Brut 2014,5614,3.0,57.599999999999994,-0.4779894407613811
56.4,15923,"Albert Boxler Pinot Gris Grand Cru Sommerberg ""W"" 2016",5615,0.0,0.0,0.8596336391301923
38.4,14845,"Albert Boxler Pinot Noir ""S"" 2016",5616,2.0,76.8,0.2123966649891084
27.8,14844,Albert Boxler Pinot Gris Réserve 2016,5617,3.0,83.4,-0.16875399756064094
71.3,15921,"Albert Boxler Riesling Grand Cru Sommerberg ""D"" 2018",5618,0.0,0.0,1.3954020232803117
71.3,15922,"Albert Boxler Riesling Grand Cru Sommerberg ""E"" 2018",5619,0.0,0.0,1.3954020232803117
25.0,12366,Parés Baltà Penedès Hisenda Miret 2013,5628,0.0,0.0,-0.269435304649254
10.3,8365,Parés Baltà Cava Brut Nature,5629,0.0,0.0,-0.7980121668644725
28.0,12365,Parés Baltà Penedès Electio 2013,5630,1.0,28.0,-0.16156247562574003
44.6,14647,Domaine Hauvette IGP Alpilles Dolia 2012,5690,0.0,0.0,0.43533384497103744
13.0,15812,Philippe Nusswitz Duché d'Uzès Orénia Blanc Réserve 2018,5693,11.0,143.0,-0.70092662074331
12.7,14661,Philippe Nusswitz Duché d'Uzès Orénia Rouge Réserve 2016,5694,5.0,63.5,-0.7117139036456614
6.5,16304,Philippe Nusswitz IGP Cévènnes Rosé O Pale 2019,5695,14.0,91.0,-0.9346510836275903
17.5,15797,Planeta Sicilia Etna Bianco 2018,5696,0.0,0.0,-0.539117377208039
29.9,16094,Planeta Sicilia Noto Santa Cecilia 2016,5697,0.0,0.0,-0.09324301724418123
44.5,14736,"Gilles Robin Crozes-Hermitage Rouge ""1920"" 2016",5700,1.0,44.5,0.4317380840035869
29.4,11736,Domaine de l'Ecu Muscadet Taurus 2012,5703,0.0,0.0,-0.11122182208143357
16.9,15036,Domaine de l'Ecu Muscadet Gneiss 2015,5704,0.0,0.0,-0.5606919430127418
19.8,15360,Domaine Huet Vouvray Pétillant Brut 2014,5705,2.0,39.6,-0.45641487495667826
10.3,15674,Domaine des Terres d'Ocre Saint-Pourçain Blanc Instant T 2018,5706,0.0,0.0,-0.7980121668644725
10.8,13557,Domaine des Terres d'Ocre Saint-Pourçain Rouge Instant T 2015,5707,10.0,108.0,-0.7800333620272202
31.7,15035,Philippe Alliet Chinon Rouge Coteau de Noiré 2016,5709,0.0,0.0,-0.02851931983007281
25.0,16121,Albert Mann Riesling Cuvée Albert 2017,5711,5.0,125.0,-0.269435304649254
57.6,14241,Albert Mann Gewurztraminer Vendanges Tardives Altenbourg 2015,5712,1.0,57.6,0.902782770739598
13.7,14982,François Baur Gewurztraminer Herrenweg de Turckheim 2016,5715,0.0,0.0,-0.6757562939711568
7.1,15026,Domaine de l'Hortus Pays de l'Hérault Le Loup Dans La Bergerie 2018,5722,19.0,134.9,-0.9130765178228875
14.9,15116,Triennes IGP Méditerranée Blanc Sainte Fleur 2018,5736,5.0,74.5,-0.6326071623617512
11.0,15369,Triennes IGP Méditerranée Rouge Les Auréliens 2016,5737,9.0,99.0,-0.7728418400923193
14.6,15566,Triennes IGP Méditerranée Rouge Saint Auguste 2016,5738,11.0,160.6,-0.6433944452641025
10.7,16003,Triennes IGP Méditerranée Rouge Merlot 2016,5739,1.0,10.7,-0.7836291229946707
73.3,15127,Domaine Clerget Chambolle-Musigny Les Charmes 2015,5741,0.0,0.0,1.467317242629321
42.1,15125,Domaine Clerget Chambolle-Musigny 2014,5742,0.0,0.0,0.34543982078477575
57.0,14323,Domaine Clerget Vosne-Romanée Les Violettes 2015,5743,0.0,0.0,0.8812082049348952
24.5,15631,Thibaud Boudignon Anjou Blanc 2018,5747,21.0,514.5,-0.28741410948650636
10.1,16147,Château de la Selve Vin de France Petite Selve 2019,5753,4.0,40.4,-0.8052036887993734
42.2,7033,Huile d'Olive Extra Vierge Planeta Selezione Chef 3L,5756,4.0,168.8,0.34903558175222626
13.1,11258,Huile d'Olive Extra Vierge Planeta 50cl,5760,2.0,26.2,-0.6973308597758595
19.5,13849,Huiles d'Olive Extra Vierge Planeta 3x 10cl,5761,0.0,0.0,-0.4672021578590297
12.9,15818,Parcé Frères Collioure Rouge Petit Gus 2018,5764,12.0,154.8,-0.7045223817107605
35.6,15179,Camille Giroud Auxey-Duresses Blanc 2017,5766,0.0,0.0,0.11171535790049546
35.6,15183,Camille Giroud Maranges Rouge 1er Cru Le Croix Moines 2016,5768,1.0,35.6,0.11171535790049546
33.6,15254,Camille Giroud Marsannay Rouge Les Longeroies 2016,5769,0.0,0.0,0.039800138551486126
34.4,15178,Camille Giroud Santenay Blanc 2017,5770,4.0,137.6,0.06856622629108976
38.4,15184,Camille Giroud Santenay Rouge 1er Cru Clos Rousseau 2016,5771,0.0,0.0,0.2123966649891084
29.7,15180,Camille Giroud Santenay Rouge 2016,5772,1.0,29.7,-0.10043453917908214
32.8,15264,Decelle-Villa Auxey-Duresses Blanc 2017,5773,3.0,98.39999999999999,0.011034050811882242
5.7,14338,Maurel Pays d'Oc Cabernet-Sauvignon 2017,5777,0.0,0.0,-0.9634171713671941
5.8,15561,Maurel Pays d'Oc Merlot 2018,5778,24.0,139.2,-0.9598214103997436
5.8,16213,Maurel Pays d'Oc Syrah 2019,5779,8.0,46.4,-0.9598214103997436
21.7,14692,Château Fonréaud Bordeaux Blanc Le Cygne 2016,5794,0.0,0.0,-0.3880954165751194
23.0,13291,Château de Chantegrive Graves Blanc Caroline 2016,5795,0.0,0.0,-0.3413505239982634
12.5,13895,Château Saransot-Dupré Bordeaux Blanc 2016,5796,0.0,0.0,-0.7189054255805624
17.2,15688,Château Saransot-Dupré Listrac-Médoc 2016,5797,0.0,0.0,-0.5499046601103904
40.2,14461,Château Carbonnieux Graves Blanc 2017,5799,0.0,0.0,0.27712036240321697
24.0,11277,Château Monbrison Margaux Bouquet de Monbrison 2012,5801,0.0,0.0,-0.3053929143237587
23.8,15399,Château Peymartin Saint-Julien 2014,5802,0.0,0.0,-0.3125844362586596
17.1,13572,Château Tour Haut-Caussan Médoc 2015,5803,3.0,51.300000000000004,-0.5535004210778408
25.0,14955,Château Le Puy Bordeaux Côtes-de-Francs Emilien 2016,5804,1.0,25.0,-0.269435304649254
17.4,13567,Château La Croix Meunier Saint-Emilion Grand Cru 2014,5806,2.0,34.8,-0.5427131381754895
27.3,15471,Château d'Arcole Saint-Emilion Grand Cru 2016,5807,4.0,109.2,-0.18673280239789328
17.9,15080,Château Tour De Pez Saint-Estèphe Les Hauts de Pez 2016,5809,0.0,0.0,-0.5247343333382372
24.0,14429,Château Tour De Pez Saint-Estèphe 2017,5810,0.0,0.0,-0.3053929143237587
16.6,15238,Maison Trimbach Muscat Réserve 2017,5815,1.0,16.6,-0.5714792259150931
16.9,15237,Maison Trimbach Riesling 2017,5816,0.0,0.0,-0.5606919430127418
57.6,14600,Maison Trimbach Riesling Grand Cru Geisberg 2012,5817,0.0,0.0,0.902782770739598
63.5,15241,Maison Trimbach Riesling Grand Cru Schlossberg 2015,5818,0.0,0.0,1.1149326678191755
56.0,11933,Maison Trimbach Riesling Cuvée Frédéric Emile 2008,5819,1.0,56.0,0.8452505952603905
63.5,15240,Maison Trimbach Riesling Cuvée Frédéric Emile 2012,5820,0.0,0.0,1.1149326678191755
41.2,15325,Agnès Levet Côte Rôtie Améthyste 2017,5826,4.0,164.8,0.3130779720777216
55.0,15328,Agnès Levet Côte Rôtie Maestria 2017,5827,3.0,165.0,0.8092929855858858
57.0,15329,Agnès Levet Côte Rôtie Péroline 2017,5829,3.0,171.0,0.8812082049348952
19.3,15775,Saumaize-Michelin Saint-Véran Les Crèches 2018,5890,0.0,0.0,-0.4743936797939306
19.0,15774,Saumaize-Michelin Viré-Clessé 2018,5891,1.0,19.0,-0.485180962696282
26.6,13910,Gilbert Picq Chablis 1er Cru Vaucoupin 2016,5893,5.0,133.0,-0.2119031291700465
15.4,16539,Thevenet Quintaine Viré-Clessé Emilian Gillet 2017,5894,5.0,77.0,-0.6146283575244988
24.7,15910,Thevenet Quintaine Viré-Clessé La Bongran 2015,5896,0.0,0.0,-0.28022258755160545
28.1,12339,Stéphane Tissot Arbois Blanc Les Bruyères 2015,5899,4.0,112.4,-0.15796671465828951
18.25,12869,Stéphane Tissot Arbois D.D. 2016,5900,0.0,0.0,-0.5121491699521605
35.1,14095,Stéphane Tissot Arbois Pinot Noir Sous La Tour 2016,5902,0.0,0.0,0.09373655306324312
27.3,14099,Stéphane Tissot Arbois Trousseau Singulier 2017,5903,0.0,0.0,-0.18673280239789328
18.8,15856,Domaine de Montbourgeau Côtes du Jura Poulsard 2018,5904,0.0,0.0,-0.4923724846311829
43.9,12881,Domaine de Montbourgeau L'Etoile Vin Jaune 2009,5905,2.0,87.8,0.410163518198884
19.8,15857,Domaine de Montbourgeau L'Etoile En Banode 2016,5906,0.0,0.0,-0.45641487495667826
17.7,12882,Domaine de Montbourgeau Vin de Paille 2013,5907,0.0,0.0,-0.5319258552731381
57.0,15227,Kingsbarns Distillery Lowland Single Malt Whisky,5912,0.0,0.0,0.8812082049348952
36.0,10014,Darnley's London Dry Gin Original,5913,0.0,0.0,0.12609840177029727
36.0,14265,Darnley's London Dry Gin Spiced,5914,1.0,36.0,0.12609840177029727
48.5,15343,Albert Mann Pinot Noir Clos de la Faille 2017,5922,17.0,824.5,0.5755685227016055
49.5,15351,Albert Mann Riesling Grand Cru Furstentum 2017,5925,2.0,99.0,0.6115261323761102
14.1,16323,Borie La Vitarèle Languedoc Blanc Le Grand Mayol 2019,5930,1.0,14.1,-0.6613732501013548
59.9,523,Cognac Normandin Mercier VFC,5932,0.0,0.0,0.9854852729909587
46.0,15432,Domaine de Vaccelli AOP Ajaccio Rouge Granit 2016,5950,5.0,230.0,0.4856744985153439
74.5,16472,Domaine de Vaccelli AOP Ajaccio Rouge Granit 174 2017,5951,0.0,0.0,1.5104663742387268
17.2,15895,Clos du Prieur Terrasses du Larzac 2018,5956,0.0,0.0,-0.5499046601103904
8.7,15577,Domaine Labranche Laffont Madiran Tradition 2016,5958,0.0,0.0,-0.85554434234368
15.4,15766,Domaine Labranche Laffont Madiran Vieilles Vignes 2015,5959,0.0,0.0,-0.6146283575244988
12.7,15892,Domaine Labranche Laffont Pacherenc du Vic-Bilh Sec 2017,5960,0.0,0.0,-0.7117139036456614
30.0,16326,Camin Larredya Jurançon Moelleux Au Capcéu 2018,5962,0.0,0.0,-0.08964725627673072
13.5,15574,Domaine de l'Ancienne Cure Bergerac Blanc Sec L'Abbaye 2016,5963,0.0,0.0,-0.6829478159060577
16.3,13662,Domaine de l'Ancienne Cure Pécharmant L'Abbaye 2015,5964,3.0,48.900000000000006,-0.5822665088174446
56.3,11669,Zind-Humbrecht Gewurztraminer Clos Windsbuhl 2012,5967,0.0,0.0,0.8560378781627418
71.5,13215,Zind-Humbrecht Pinot Gris Clos Windsbuhl 2013,5968,0.0,0.0,1.4025935452152127
69.0,13211,Zind-Humbrecht Riesling Clos Windsbuhl 2014,5969,0.0,0.0,1.3126995210289512
17.9,15342,Zind-Humbrecht Muscat Turckheim 2016,6035,1.0,17.9,-0.5247343333382372
48.5,15318,I Fabbri Chianti Classico Gran Selezione 2015,6038,0.0,0.0,0.5755685227016055
71.7,13073,Château de Vaudieu Châteauneuf-du-Pape Amiral G 2015,6041,0.0,0.0,1.4097850671501138
8.5,16159,Domaine La Croix Belle Côtes de Thongue Rosé Les Grillons 2019,6042,18.0,153.0,-0.862735864278581
10.9,16264,Château de La Liquière Faugères L'Ampoule 2019,6047,38.0,414.2,-0.7764376010597698
21.8,14899,Christophe Pichon Saint-Joseph Blanc 2017,6049,3.0,65.4,-0.3844996556076689
38.5,15134,Christophe Pichon Condrieu 2017,6050,0.0,0.0,0.21599242595655893
9.3,16133,Borie La Vitarèle Pays d'Hérault Les Cigales 2019,6070,1.0,9.3,-0.8339697765389772
13.6,16028,Clos du Mont-Olivet Côtes-du-Rhône Blanc 2019,6072,9.0,122.39999999999999,-0.6793520549386072
24.5,15951,Jacqueson Rully Rouge 1er Cru Les Preaux 2018,6073,0.0,0.0,-0.28741410948650636
12.6,15487,Château de Villeneuve Saumur-Champigny 2017,6093,1.0,12.6,-0.7153096646131117
13.4,15486,Château de Villeneuve Saumur-Champigny Clos de la Bienboire 2018,6094,0.0,0.0,-0.6865435768735082
29.8,15489,Château de Villeneuve Saumur-Champigny Le Grand Clos 2017,6095,0.0,0.0,-0.09683877821163162
36.9,14089,Stéphane Tissot Arbois Blanc La Mailloche 2016,6101,0.0,0.0,0.1584602504773514
40.7,14100,Stéphane Tissot Arbois Trousseau Amphore 2017,6103,0.0,0.0,0.2950991672404693
33.2,14092,Stéphane Tissot Arbois Blanc Savagnin 2015,6104,0.0,0.0,0.02541709468168431
34.8,14090,Stéphane Tissot Côtes du Jura Sursis 2017,6105,7.0,243.59999999999997,0.08294927016089157
74.8,14106,Stéphane Tissot Château-Chalon 2011,6106,0.0,0.0,1.5212536571410782
62.4,14101,Stéphane Tissot Arbois Vin Jaune En Spois 2011,6107,0.0,0.0,1.0753792971772203
46.0,14797,Gilles Robin Cornas 2016,6108,0.0,0.0,0.4856744985153439
39.2,15201,Gilles Robin Saint-Joseph Rouge André Péalat 2010,6109,1.0,39.2,0.2411627527287123
10.6,14573,Moulin de Gassac IGP Pays d'Hérault Rouge Mazet du Levant 2017,6127,0.0,0.0,-0.7872248839621211
10.6,14569,Moulin de Gassac IGP Pays d'Hérault Blanc Faune 2017,6128,3.0,31.799999999999997,-0.7872248839621211
5.2,14570,Moulin de Gassac IGP Pays d'Hérault Guilhem Blanc 2017,6129,0.0,0.0,-0.9813959762044464
46.0,15834,Domaine de Vaccelli Ajaccio Blanc Sirocco 2017,6137,2.0,92.0,0.4856744985153439
31.0,14604,Domaine Giudicelli Muscat du Cap Corse 2016,6204,7.0,217.0,-0.05368964660222605
20.2,16565,Domaine Giudicelli Vin de France Corail Rouge 2019,6205,0.0,0.0,-0.44203183108687644
25.2,16580,Domaine Giudicelli Patrimonio Blanc 2019,6206,41.0,1033.2,-0.2622437827143531
25.2,16077,Domaine Giudicelli Patrimonio Rouge 2016,6207,37.0,932.4,-0.2622437827143531
23.5,16096,Planeta Sicilia Eruzione 1614 2017,6221,0.0,0.0,-0.32337171916101104
26.4,7032,Planeta Sicilia Passito di Noto 2016,6222,0.0,0.0,-0.21909465110494755
26.7,15324,Planeta Sicilia Chardonnay 2017,6223,6.0,160.2,-0.20830736820259613
20.4,15162,Le Pas de l'Escalette IGP Hérault Ze Cinsault 2017,6225,4.0,81.6,-0.4348403091519755
20.4,15161,Le Pas de l'Escalette Terrasses du Larzac Le Pas de D. 2017,6226,0.0,0.0,-0.4348403091519755
40.2,15163,Le Pas de l'Escalette Terrasses du Larzac Les Frieys 2017,6227,1.0,40.2,0.27712036240321697
9.0,16273,Borie de Maurel Minervois Rouge Esprit d'Automne 2019,6278,5.0,45.0,-0.8447570594413286
45.9,16247,Borie de Maurel Minervois Rouge Maxime 2003,6279,0.0,0.0,0.4820787375478934
10.4,15654,Borie de Maurel Minervois Blanc La Belle Aude 2018,6280,0.0,0.0,-0.7944164058970221
78.0,15710,Lucien Boillot Gevrey Chambertin 1er Cru Les Cherbaudes 2017,6299,0.0,0.0,1.636318008099493
40.5,15745,Borie La Vitarèle Saint-Chinian Midi Rouge 2015,6301,0.0,0.0,0.2879076453055682
27.9,15678,Tempier Bandol Blanc 2018,6325,0.0,0.0,-0.16515823659319057
22.4,15810,Le Pas de l'Escalette IGP Pays d'Hérault Les Clapas Blanc 2018,6328,0.0,0.0,-0.36292508980296617
28.4,15779,"Decelle-Villa Côte de Nuits Villages ""Aux Montagnes"" 2014",6567,0.0,0.0,-0.14717943175593823
72.0,15707,Decelle-Villa Chambolle-Musigny 2017,6568,0.0,0.0,1.4205723500524652
29.0,15705,Decelle-Villa Chorey-Lès-Beaune 2016,6569,3.0,87.0,-0.12560486595123538
29.2,15706,Decelle-Villa Marsannay Les Longeroies 2015,6570,0.0,0.0,-0.11841334401633447
44.0,15704,Decelle-Villa Saint-Aubin 1er Cru Sous Roche Dumay 2015,6572,0.0,0.0,0.4137592791663346
68.3,15473,Marc Colin Et Fils Chassagne-Montrachet 1er Cru Les Champs Gain 2017,6573,1.0,68.3,1.2875291942567977
41.8,15479,Marc Colin Et Fils Saint-Aubin 1er Cru La Chatenière 2017,6575,0.0,0.0,0.3346525378824242
40.0,15647,Saumaize-Michelin Pouilly-Fuissé Ampélopsis 2016,6578,7.0,280.0,0.2699288404683159
13.5,15769,La Préceptorie Côtes du Roussillon Blanc Coume Marie 2018,6584,0.0,0.0,-0.6829478159060577
19.0,15434,La Préceptorie Côtes du Roussillon Blanc Terres Nouvelles 2018,6585,0.0,0.0,-0.485180962696282
24.4,15764,Domaine de la Monardière Vacqueyras Blanc Galéjade 2018,6592,0.0,0.0,-0.2910098704539569
32.8,16071,Clos du Mont-Olivet Châteauneuf-du-Pape 2018,6615,0.0,0.0,0.011034050811882242
15.4,15781,Clos du Mont-Olivet Lirac Rouge 2017,6616,1.0,15.4,-0.6146283575244988
9.9,16031,Clos du Mont-Olivet Vins de Pays du Gard Rive Droite 2018,6617,6.0,59.400000000000006,-0.8123952107342745
13.5,15539,Clos du Mont-Olivet Vins de Pays du Gard Confluence 2017,6618,0.0,0.0,-0.6829478159060577
51.0,16046,Domaine de La Tour Du Bon Bandol Rouge Saint Ferréol 2005,6620,0.0,0.0,0.6654625468878672
35.2,15204,Thierry Germain Saumur-Champigny La Marginale 2018,6621,3.0,105.60000000000001,0.09733231403069363
42.2,15205,Thierry Germain Saumur-Champigny Les Mémoires 2018,6622,0.0,0.0,0.34903558175222626
33.2,15790,Weingut Besson-Strasser Zürich Räuschling 2018,6626,0.0,0.0,0.02541709468168431
41.8,15791,Weingut Besson-Strasser Zürich Fumé 2017,6627,1.0,41.8,0.3346525378824242
32.2,15792,Weingut Besson-Strasser Zürich Blauer Zweigelt 2016,6628,0.0,0.0,-0.010540514992820351
37.7,15793,Weingut Besson-Strasser Zürich Pinot Noir Cholfirst 2017,6629,1.0,37.7,0.1872263382169553
47.2,15795,Weingut Besson-Strasser Zürich Pinot Noir Albi 2016,6631,0.0,0.0,0.5288236301247496
52.7,15794,Weingut Besson-Strasser Zürich Pinot Noir Chlosterberg 2016,6632,1.0,52.7,0.7265904833345253
22.4,15763,Domaine de la Monardière Vacqueyras Vieilles Vignes 2016,6635,1.0,22.4,-0.36292508980296617
50.4,16152,Catherine et Claude Maréchal Pommard La Chanière 2017,6663,0.0,0.0,0.6438879810831644
35.6,15661,Catherine et Claude Maréchal Savigny-Lès-Beaune Rouge 2017,6664,0.0,0.0,0.11171535790049546
27.7,16068,Domaine Hauvette IGP Alpilles Jaspe 2017,6665,1.0,27.7,-0.17234975852809145
48.5,16067,Domaine Hauvette IGP Alpilles Dolia 2013,6666,0.0,0.0,0.5755685227016055
15.4,8193,Emile Boeckel Crémant Chardonnay Extra Brut 2016,6738,3.0,46.2,-0.6146283575244988
46.5,16144,Château Simone Palette Blanc 2017,6751,0.0,0.0,0.5036533033525962
46.5,15256,Château Simone Palette Rouge 2015,6753,0.0,0.0,0.5036533033525962
46.5,15735,Domino Romano Ribera del Duero RDR 2015,6884,0.0,0.0,0.5036533033525962
42.0,14897,Gratavinum Priorat GV5 2011,6886,0.0,0.0,0.34184405981732524
21.8,15736,Gratavinum Priorat 2?r 2017,6887,0.0,0.0,-0.3844996556076689
50.5,15740,Château Jean Faure Saint-Emilion Grand Cru 2015,6920,0.0,0.0,0.6474837420506149
49.9,15845,Château Jean Faure Saint-Emilion Grand Cru 2016,6926,1.0,49.9,0.625909176245912
19.0,15741,Le Cèdre de Jean Faure Saint-Emilion 2016,6928,2.0,38.0,-0.485180962696282
8.4,16135,Mouthes Le Bihan Côtes de Duras L'Aimé Chai 2015,6930,5.0,42.0,-0.8663316252460315
27.5,15891,Camin Larredya Jurançon Sec La Virada 2018,7023,0.0,0.0,-0.17954128046299236
69.0,15887,Domaine Jamet Côte Rôtie Fructus Voluptas 2018,7025,0.0,0.0,1.3126995210289512
54.8,13127-1,Clos du Mont-Olivet Châteauneuf-du-Pape 2007,7247,0.0,0.0,0.8021014636509848
16.3,16230,Domaine Saint-Nicolas Vin de France Blanc Les Clous 2019,7338,0.0,0.0,-0.5822665088174446
